{
  "FilterHeaders": [
    {
      "Header": "user-agent",
      "IncludeInScript": false
    },
    {
      "Header": "accept-language",
      "IncludeInScript": false
    },
    {
      "Header": "accept-encoding",
      "IncludeInScript": false
    },
    {
      "Header": "accept",
      "IncludeInScript": false
    }
  ],
  "FilterResources": [
    {
      "IsNonResource": true,
      "type": "text/html"
    },
    {
      "IsNonResource": false,
      "type": "text/css"
    }
  ],
  "GeneralInfo": {
    "BrowserVersion": "",
    "IsWinInetMode": false,
    "MaxUsedConnections": 3,
    "RecordedBrowser": "Internet Explorer",
    "RecordingDate": "мар-25-2020",
    "RecordingDuration": 29109,
    "RecordingMode": "N/A",
    "RecordingTimeStamp": 1585127621,
    "RecordingType": "Browser",
    "TotalBytesReceived": 63267,
    "TotalBytesSent": 1717,
    "TotalRequests": 6,
    "UserAgent": "Mozilla/5.0 (Windows NT 10.0; WOW64; Trident/7.0; rv:11.0) like Gecko"
  },
  "HostInfo": [
    {
      "DomainName": "gatling.io",
      "Domains": [
        {
          "HTTPVersion": "HTTP/1.1",
          "IP": "35.205.124.134",
          "IncludeInScript": true,
          "Name": "computer-database.gatling.io",
          "Port": 80,
          "Requests": [
            {
              "CompressionType": "",
              "DataType": "text/html",
              "DownloadTime": 62,
              "EventId": 154,
              "HttpStatus": 404,
              "Size": 1910,
              "URL": "http://computer-database.gatling.io/favicon.ico"
            },
            {
              "CompressionType": "",
              "DataType": "text/html",
              "DownloadTime": 47,
              "EventId": 146,
              "HttpStatus": 200,
              "Size": 5760,
              "URL": "http://computer-database.gatling.io/computers/311"
            },
            {
              "CompressionType": "",
              "DataType": "text/html",
              "DownloadTime": 62,
              "EventId": 136,
              "HttpStatus": 404,
              "Size": 1910,
              "URL": "http://computer-database.gatling.io/favicon.ico"
            },
            {
              "CompressionType": "",
              "DataType": "text/css",
              "DownloadTime": 203,
              "EventId": 130,
              "HttpStatus": 200,
              "Size": 45379,
              "URL": "http://computer-database.gatling.io/assets/stylesheets/bootstrap.min.css"
            },
            {
              "CompressionType": "",
              "DataType": "text/css",
              "DownloadTime": 46,
              "EventId": 128,
              "HttpStatus": 200,
              "Size": 824,
              "URL": "http://computer-database.gatling.io/assets/stylesheets/main.css"
            },
            {
              "CompressionType": "",
              "DataType": "text/html",
              "DownloadTime": 62,
              "EventId": 126,
              "HttpStatus": 200,
              "Size": 7484,
              "URL": "http://computer-database.gatling.io/computers"
            }
          ],
          "SSLCipher": "None",
          "SSLVersion": "None"
        }
      ],
      "IncludeInScript": true
    }
  ],
  "WebSocket": {
    "IncludeInScript": false,
    "IsScriptIncludeWebSocket": false
  },
  "NumberOfCorrelations": 0
}